1,2025-09-04T20:20:00-05:00,DAL,PHI
1,2025-09-05T20:00:00-05:00,KC,LAC
1,2025-09-07T13:00:00-05:00,TB,ATL
1,2025-09-07T13:00:00-05:00,CIN,CLE
1,2025-09-07T13:00:00-05:00,MIA,IND
1,2025-09-07T13:00:00-05:00,CAR,JAX
1,2025-09-07T13:00:00-05:00,LV,NE
1,2025-09-07T13:00:00-05:00,ARI,NO
1,2025-09-07T13:00:00-05:00,PIT,NYJ
1,2025-09-07T13:00:00-05:00,NYG,WAS
1,2025-09-07T16:05:00-05:00,TEN,DEN
1,2025-09-07T16:05:00-05:00,SF,SEA
1,2025-09-07T16:25:00-05:00,DET,GB
1,2025-09-07T16:25:00-05:00,HOU,LAR
1,2025-09-07T20:20:00-05:00,BAL,BUF
1,2025-09-08T20:15:00-05:00,MIN,CHI
2,2025-09-11T20:15:00-05:00,WAS,GB
2,2025-09-14T13:00:00-05:00,CLE,BAL
2,2025-09-14T13:00:00-05:00,JAX,CIN
2,2025-09-14T13:00:00-05:00,NYG,DAL
2,2025-09-14T13:00:00-05:00,CHI,DET
2,2025-09-14T13:00:00-05:00,NE,MIA
2,2025-09-14T13:00:00-05:00,SF,NO
2,2025-09-14T13:00:00-05:00,BUF,NYJ
2,2025-09-14T13:00:00-05:00,SEA,PIT
2,2025-09-14T13:00:00-05:00,LAR,TEN
2,2025-09-14T16:05:00-05:00,CAR,ARI
2,2025-09-14T16:05:00-05:00,DEN,IND
2,2025-09-14T16:25:00-05:00,PHI,KC
2,2025-09-14T20:20:00-05:00,ATL,MIN
2,2025-09-15T19:00:00-05:00,TB,HOU
2,2025-09-15T22:00:00-05:00,LAC,LV
3,2025-09-18T20:15:00-05:00,MIA,BUF
3,2025-09-21T13:00:00-05:00,ATL,CAR
3,2025-09-21T13:00:00-05:00,GB,CLE
3,2025-09-21T13:00:00-05:00,HOU,JAX
3,2025-09-21T13:00:00-05:00,CIN,MIN
3,2025-09-21T13:00:00-05:00,PIT,NE
3,2025-09-21T13:00:00-05:00,LAR,PHI
3,2025-09-21T13:00:00-05:00,NYJ,TB
3,2025-09-21T13:00:00-05:00,IND,TEN
3,2025-09-21T13:00:00-05:00,LV,WAS
3,2025-09-21T16:05:00-05:00,DEN,LAC
3,2025-09-21T16:05:00-05:00,NO,SEA
3,2025-09-21T16:25:00-05:00,DAL,CHI
3,2025-09-21T16:25:00-05:00,ARI,SF
3,2025-09-21T20:20:00-05:00,KC,NYG
3,2025-09-22T20:15:00-05:00,DET,BAL
4,2025-09-25T20:15:00-05:00,SEA,ARI
4,2025-09-28T09:30:00-05:00,MIN,PIT
4,2025-09-28T13:00:00-05:00,WAS,ATL
4,2025-09-28T13:00:00-05:00,NO,BUF
4,2025-09-28T13:00:00-05:00,CLE,DET
4,2025-09-28T13:00:00-05:00,TEN,HOU
4,2025-09-28T13:00:00-05:00,CAR,NE
4,2025-09-28T13:00:00-05:00,LAC,NYG
4,2025-09-28T13:00:00-05:00,PHI,TB
4,2025-09-28T16:05:00-05:00,IND,LAR
4,2025-09-28T16:05:00-05:00,JAX,SF
4,2025-09-28T16:25:00-05:00,BAL,KC
4,2025-09-28T16:25:00-05:00,CHI,LV
4,2025-09-28T20:20:00-05:00,GB,DAL
4,2025-09-29T19:15:00-05:00,NYJ,MIA
4,2025-09-29T20:15:00-05:00,CIN,DEN
5,2025-10-02T20:15:00-05:00,SF,LAR
5,2025-10-05T09:30:00-05:00,MIN,CLE
5,2025-10-05T13:00:00-05:00,HOU,BAL
5,2025-10-05T13:00:00-05:00,MIA,CAR
5,2025-10-05T13:00:00-05:00,LV,IND
5,2025-10-05T13:00:00-05:00,NYG,NO
5,2025-10-05T13:00:00-05:00,DAL,NYJ
5,2025-10-05T13:00:00-05:00,DEN,PHI
5,2025-10-05T16:05:00-05:00,TEN,ARI
5,2025-10-05T16:05:00-05:00,TB,SEA
5,2025-10-05T16:25:00-05:00,DET,CIN
5,2025-10-05T16:25:00-05:00,WAS,LAC
5,2025-10-05T20:20:00-05:00,NE,BUF
5,2025-10-06T20:15:00-05:00,KC,JAX
6,2025-10-09T20:15:00-05:00,PHI,NYG
6,2025-10-12T09:30:00-05:00,DEN,NYJ
6,2025-10-12T13:00:00-05:00,LAR,BAL
6,2025-10-12T13:00:00-05:00,DAL,CAR
6,2025-10-12T13:00:00-05:00,ARI,IND
6,2025-10-12T13:00:00-05:00,SEA,JAX
6,2025-10-12T13:00:00-05:00,LAC,MIA
6,2025-10-12T13:00:00-05:00,CLE,PIT
6,2025-10-12T13:00:00-05:00,SF,TB
6,2025-10-12T16:05:00-05:00,TEN,LV
6,2025-10-12T16:25:00-05:00,CIN,GB
6,2025-10-12T16:25:00-05:00,NE,NO
6,2025-10-12T20:20:00-05:00,DET,KC
6,2025-10-13T19:15:00-05:00,BUF,ATL
6,2025-10-13T20:15:00-05:00,CHI,WAS
7,2025-10-16T20:15:00-05:00,PIT,CIN
7,2025-10-19T09:30:00-05:00,LAR,JAX
7,2025-10-19T13:00:00-05:00,NO,CHI
7,2025-10-19T13:00:00-05:00,MIA,CLE
7,2025-10-19T13:00:00-05:00,LV,KC
7,2025-10-19T13:00:00-05:00,PHI,MIN
7,2025-10-19T13:00:00-05:00,CAR,NYJ
7,2025-10-19T13:00:00-05:00,NE,TEN
7,2025-10-19T16:05:00-05:00,NYG,DEN
7,2025-10-19T16:05:00-05:00,IND,LAC
7,2025-10-19T16:25:00-05:00,GB,ARI
7,2025-10-19T16:25:00-05:00,WAS,DAL
7,2025-10-19T20:20:00-05:00,ATL,SF
7,2025-10-20T19:00:00-05:00,TB,DET
7,2025-10-20T22:00:00-05:00,HOU,SEA
8,2025-10-23T20:15:00-05:00,MIN,LAC
8,2025-10-26T13:00:00-05:00,MIA,ATL
8,2025-10-26T13:00:00-05:00,CHI,BAL
8,2025-10-26T13:00:00-05:00,BUF,CAR
8,2025-10-26T13:00:00-05:00,NYJ,CIN
8,2025-10-26T13:00:00-05:00,SF,HOU
8,2025-10-26T13:00:00-05:00,CLE,NE
8,2025-10-26T13:00:00-05:00,NYG,PHI
8,2025-10-26T16:05:00-05:00,TB,NO
8,2025-10-26T16:25:00-05:00,DAL,DEN
8,2025-10-26T16:25:00-05:00,TEN,IND
8,2025-10-26T20:20:00-05:00,GB,PIT
8,2025-10-27T20:15:00-05:00,WAS,KC
9,2025-10-30T20:15:00-05:00,BAL,MIA
9,2025-11-02T13:00:00-05:00,CHI,CIN
9,2025-11-02T13:00:00-05:00,MIN,DET
9,2025-11-02T13:00:00-05:00,CAR,GB
9,2025-11-02T13:00:00-05:00,DEN,HOU
9,2025-11-02T13:00:00-05:00,ATL,NE
9,2025-11-02T13:00:00-05:00,SF,NYG
9,2025-11-02T13:00:00-05:00,IND,PIT
9,2025-11-02T13:00:00-05:00,LAC,TEN
9,2025-11-02T16:05:00-05:00,NO,LAR
9,2025-11-02T16:05:00-05:00,JAX,LV
9,2025-11-02T16:25:00-05:00,KC,BUF
9,2025-11-02T20:20:00-05:00,SEA,WAS
9,2025-11-03T20:15:00-05:00,ARI,DAL
10,2025-11-06T20:15:00-05:00,LV,DEN
10,2025-11-09T09:30:00-05:00,ATL,IND
10,2025-11-09T13:00:00-05:00,NO,CAR
10,2025-11-09T13:00:00-05:00,NYG,CHI
10,2025-11-09T13:00:00-05:00,JAX,HOU
10,2025-11-09T13:00:00-05:00,BUF,MIA
10,2025-11-09T13:00:00-05:00,BAL,MIN
10,2025-11-09T13:00:00-05:00,CLE,NYJ
10,2025-11-09T13:00:00-05:00,NE,TB
10,2025-11-09T16:05:00-05:00,ARI,SEA
10,2025-11-09T16:25:00-05:00,LAR,SF
10,2025-11-09T16:25:00-05:00,DET,WAS
10,2025-11-09T20:20:00-05:00,PIT,LAC
10,2025-11-10T20:15:00-05:00,PHI,GB
11,2025-11-13T20:15:00-05:00,NYJ,NE
11,2025-11-16T09:30:00-05:00,WAS,MIA
11,2025-11-16T13:00:00-05:00,CAR,ATL
11,2025-11-16T13:00:00-05:00,TB,BUF
11,2025-11-16T13:00:00-05:00,LAC,JAX
11,2025-11-16T13:00:00-05:00,CHI,MIN
11,2025-11-16T13:00:00-05:00,GB,NYG
11,2025-11-16T13:00:00-05:00,CIN,PIT
11,2025-11-16T13:00:00-05:00,HOU,TEN
11,2025-11-16T16:05:00-05:00,SF,ARI
11,2025-11-16T16:05:00-05:00,SEA,LAR
11,2025-11-16T16:25:00-05:00,BAL,CLE
11,2025-11-16T16:25:00-05:00,KC,DEN
11,2025-11-16T20:20:00-05:00,DET,PHI
11,2025-11-17T20:15:00-05:00,DAL,LV
12,2025-11-20T20:15:00-05:00,BUF,HOU
12,2025-11-23T13:00:00-05:00,NYJ,BAL
12,2025-11-23T13:00:00-05:00,PIT,CHI
12,2025-11-23T13:00:00-05:00,NE,CIN
12,2025-11-23T13:00:00-05:00,NYG,DET
12,2025-11-23T13:00:00-05:00,MIN,GB
12,2025-11-23T13:00:00-05:00,IND,KC
12,2025-11-23T13:00:00-05:00,SEA,TEN
12,2025-11-23T16:05:00-05:00,JAX,ARI
12,2025-11-23T16:05:00-05:00,CLE,LV
12,2025-11-23T16:25:00-05:00,PHI,DAL
12,2025-11-23T16:25:00-05:00,ATL,NO
12,2025-11-23T20:20:00-05:00,TB,LAR
12,2025-11-24T20:15:00-05:00,CAR,SF
13,2025-11-27T13:00:00-05:00,GB,DET
13,2025-11-27T16:30:00-05:00,KC,DAL
13,2025-11-27T20:20:00-05:00,CIN,BAL
13,2025-11-28T15:00:00-05:00,CHI,PHI
13,2025-11-30T13:00:00-05:00,LAR,CAR
13,2025-11-30T13:00:00-05:00,SF,CLE
13,2025-11-30T13:00:00-05:00,HOU,IND
13,2025-11-30T13:00:00-05:00,NO,MIA
13,2025-11-30T13:00:00-05:00,ATL,NYJ
13,2025-11-30T13:00:00-05:00,ARI,TB
13,2025-11-30T13:00:00-05:00,JAX,TEN
13,2025-11-30T16:05:00-05:00,MIN,SEA
13,2025-11-30T16:25:00-05:00,LV,LAC
13,2025-11-30T16:25:00-05:00,BUF,PIT
13,2025-11-30T20:20:00-05:00,DEN,WAS
13,2025-12-01T20:15:00-05:00,NYG,NE
14,2025-12-04T20:15:00-05:00,DAL,DET
14,2025-12-07T13:00:00-05:00,SEA,ATL
14,2025-12-07T13:00:00-05:00,PIT,BAL
14,2025-12-07T13:00:00-05:00,TEN,CLE
14,2025-12-07T13:00:00-05:00,CHI,GB
14,2025-12-07T13:00:00-05:00,IND,JAX
14,2025-12-07T13:00:00-05:00,WAS,MIN
14,2025-12-07T13:00:00-05:00,MIA,NYJ
14,2025-12-07T13:00:00-05:00,NO,TB
14,2025-12-07T16:05:00-05:00,DEN,LV
14,2025-12-07T16:25:00-05:00,LAR,ARI
14,2025-12-07T16:25:00-05:00,CIN,BUF
14,2025-12-07T20:20:00-05:00,HOU,KC
14,2025-12-08T20:15:00-05:00,PHI,LAC
15,2025-12-11T20:15:00-05:00,ATL,TB
15,2025-12-14T13:00:00-05:00,CLE,CHI
15,2025-12-14T13:00:00-05:00,BAL,CIN
15,2025-12-14T13:00:00-05:00,ARI,HOU
15,2025-12-14T13:00:00-05:00,NYJ,JAX
15,2025-12-14T13:00:00-05:00,LAC,KC
15,2025-12-14T13:00:00-05:00,BUF,NE
15,2025-12-14T13:00:00-05:00,WAS,NYG
15,2025-12-14T13:00:00-05:00,LV,PHI
15,2025-12-14T16:25:00-05:00,GB,DEN
15,2025-12-14T16:25:00-05:00,DET,LAR
15,2025-12-14T16:25:00-05:00,CAR,NO
15,2025-12-14T16:25:00-05:00,IND,SEA
15,2025-12-14T16:25:00-05:00,TEN,SF
15,2025-12-14T20:20:00-05:00,MIN,DAL
15,2025-12-15T20:15:00-05:00,MIA,PIT
16,2025-12-18T20:15:00-05:00,LAR,SEA
16,2025-12-20T20:15:00-05:00,GB,CHI
16,2025-12-20T20:15:00-05:00,PHI,WAS
16,2025-12-21T13:00:00-05:00,NE,BAL
16,2025-12-21T13:00:00-05:00,TB,CAR
16,2025-12-21T13:00:00-05:00,BUF,CLE
16,2025-12-21T13:00:00-05:00,LAC,DAL
16,2025-12-21T13:00:00-05:00,NYJ,NO
16,2025-12-21T13:00:00-05:00,MIN,NYG
16,2025-12-21T13:00:00-05:00,KC,TEN
16,2025-12-21T16:05:00-05:00,ATL,ARI
16,2025-12-21T16:05:00-05:00,JAX,DEN
16,2025-12-21T16:25:00-05:00,PIT,DET
16,2025-12-21T16:25:00-05:00,LV,HOU
16,2025-12-21T20:20:00-05:00,CIN,MIA
16,2025-12-22T20:15:00-05:00,SF,IND
17,2025-12-25T13:00:00-05:00,DAL,WAS
17,2025-12-25T16:30:00-05:00,DET,MIN
17,2025-12-25T20:15:00-05:00,DEN,KC
17,2025-12-27T20:15:00-05:00,SEA,CAR
17,2025-12-27T20:15:00-05:00,ARI,CIN
17,2025-12-27T20:15:00-05:00,BAL,GB
17,2025-12-27T20:15:00-05:00,HOU,LAC
17,2025-12-27T20:15:00-05:00,NYG,LV
17,2025-12-28T13:00:00-05:00,PIT,CLE
17,2025-12-28T13:00:00-05:00,JAX,IND
17,2025-12-28T13:00:00-05:00,TB,MIA
17,2025-12-28T13:00:00-05:00,NE,NYJ
17,2025-12-28T13:00:00-05:00,NO,TEN
17,2025-12-28T16:25:00-05:00,PHI,BUF
17,2025-12-28T20:20:00-05:00,CHI,SF
17,2025-12-29T20:15:00-05:00,LAR,ATL
18,2026-01-03T13:00:00-05:00,NO,ATL
18,2026-01-03T13:00:00-05:00,NYJ,BUF
18,2026-01-03T13:00:00-05:00,DET,CHI
18,2026-01-03T13:00:00-05:00,CLE,CIN
18,2026-01-03T13:00:00-05:00,LAC,DEN
18,2026-01-03T13:00:00-05:00,IND,HOU
18,2026-01-03T13:00:00-05:00,TEN,JAX
18,2026-01-03T13:00:00-05:00,ARI,LAR
18,2026-01-03T13:00:00-05:00,KC,LV
18,2026-01-03T13:00:00-05:00,GB,MIN
18,2026-01-03T13:00:00-05:00,MIA,NE
18,2026-01-03T13:00:00-05:00,DAL,NYG
18,2026-01-03T13:00:00-05:00,WAS,PHI
18,2026-01-03T13:00:00-05:00,BAL,PIT
18,2026-01-03T13:00:00-05:00,SEA,SF
18,2026-01-03T13:00:00-05:00,CAR,TB
